title,artists,track_id,danceability,energy,key,loudness,mode,speechiness,acousticness,instrumentalness,liveness,valence,tempo,type,id,uri,track_href,analysis_url,duration_ms,time_signature,open_url
Kill Bill,SZA,spotify:track:1Qrg8KqiBpW07V7PNxwwwL,0.644,0.735,8,-5.747,1,0.0391,0.0521,0.144,0.161,0.418,88.98,audio_features,1Qrg8KqiBpW07V7PNxwwwL,spotify:track:1Qrg8KqiBpW07V7PNxwwwL,https://api.spotify.com/v1/tracks/1Qrg8KqiBpW07V7PNxwwwL,https://api.spotify.com/v1/audio-analysis/1Qrg8KqiBpW07V7PNxwwwL,153947,4,https://open.spotify.com/track/1Qrg8KqiBpW07V7PNxwwwL
Last Night,Morgan Wallen,spotify:track:59uQI0PADDKeE6UZDTJEe8,0.517,0.675,6,-5.382,1,0.0357,0.459,0.0,0.151,0.518,203.853,audio_features,59uQI0PADDKeE6UZDTJEe8,spotify:track:59uQI0PADDKeE6UZDTJEe8,https://api.spotify.com/v1/tracks/59uQI0PADDKeE6UZDTJEe8,https://api.spotify.com/v1/audio-analysis/59uQI0PADDKeE6UZDTJEe8,163855,4,https://open.spotify.com/track/59uQI0PADDKeE6UZDTJEe8
Flowers,Miley Cyrus,spotify:track:3MnewZrZDqej6thgEx3OB1,0.672,0.159,9,-8.76,0,0.0343,0.962,1.83e-05,0.106,0.117,113.218,audio_features,3MnewZrZDqej6thgEx3OB1,spotify:track:3MnewZrZDqej6thgEx3OB1,https://api.spotify.com/v1/tracks/3MnewZrZDqej6thgEx3OB1,https://api.spotify.com/v1/audio-analysis/3MnewZrZDqej6thgEx3OB1,210827,4,https://open.spotify.com/track/3MnewZrZDqej6thgEx3OB1
Princess Diana,Ice Spice & Nicki Minaj,spotify:track:0ZxhtATQ0a6EvQNZ0z6NKV,0.898,0.676,9,-5.196,1,0.187,0.14,0.0,0.101,0.742,147.991,audio_features,0ZxhtATQ0a6EvQNZ0z6NKV,spotify:track:0ZxhtATQ0a6EvQNZ0z6NKV,https://api.spotify.com/v1/tracks/0ZxhtATQ0a6EvQNZ0z6NKV,https://api.spotify.com/v1/audio-analysis/0ZxhtATQ0a6EvQNZ0z6NKV,172125,4,https://open.spotify.com/track/0ZxhtATQ0a6EvQNZ0z6NKV
Ella Baila Sola,Eslabon Armado X Peso Pluma,spotify:track:3dnP0JxCgygwQH9Gm7q7nb,0.668,0.758,5,-5.176,0,0.0332,0.483,1.89e-05,0.0837,0.834,147.989,audio_features,3dnP0JxCgygwQH9Gm7q7nb,spotify:track:3dnP0JxCgygwQH9Gm7q7nb,https://api.spotify.com/v1/tracks/3dnP0JxCgygwQH9Gm7q7nb,https://api.spotify.com/v1/audio-analysis/3dnP0JxCgygwQH9Gm7q7nb,165671,3,https://open.spotify.com/track/3dnP0JxCgygwQH9Gm7q7nb
Creepin',"Metro Boomin, The Weeknd & 21 Savage",spotify:track:2dHHgzDwk4BJdRwy9uXhTO,0.715,0.62,1,-6.005,0,0.0484,0.417,0.0,0.0822,0.172,97.95,audio_features,2dHHgzDwk4BJdRwy9uXhTO,spotify:track:2dHHgzDwk4BJdRwy9uXhTO,https://api.spotify.com/v1/tracks/2dHHgzDwk4BJdRwy9uXhTO,https://api.spotify.com/v1/audio-analysis/2dHHgzDwk4BJdRwy9uXhTO,221520,4,https://open.spotify.com/track/2dHHgzDwk4BJdRwy9uXhTO
Calm Down,Rema & Selena Gomez,spotify:track:0WtM2NBVQNNJLh6scP13H8,0.801,0.806,11,-5.206,1,0.0381,0.382,0.000669,0.114,0.802,106.999,audio_features,0WtM2NBVQNNJLh6scP13H8,spotify:track:0WtM2NBVQNNJLh6scP13H8,https://api.spotify.com/v1/tracks/0WtM2NBVQNNJLh6scP13H8,https://api.spotify.com/v1/audio-analysis/0WtM2NBVQNNJLh6scP13H8,239318,4,https://open.spotify.com/track/0WtM2NBVQNNJLh6scP13H8
Die For You,The Weeknd & Ariana Grande,spotify:track:7oDd86yk8itslrA9HRP2ki,0.531,0.525,1,-6.5,0,0.0671,0.232,0.0,0.441,0.502,66.9,audio_features,7oDd86yk8itslrA9HRP2ki,spotify:track:7oDd86yk8itslrA9HRP2ki,https://api.spotify.com/v1/tracks/7oDd86yk8itslrA9HRP2ki,https://api.spotify.com/v1/audio-analysis/7oDd86yk8itslrA9HRP2ki,232857,4,https://open.spotify.com/track/7oDd86yk8itslrA9HRP2ki
Search & Rescue,Drake,spotify:track:00sydAz6PeOxYzwG1dRIPi,0.235,0.977,6,0.878,1,0.107,0.00353,0.00604,0.172,0.241,152.952,audio_features,00sydAz6PeOxYzwG1dRIPi,spotify:track:00sydAz6PeOxYzwG1dRIPi,https://api.spotify.com/v1/tracks/00sydAz6PeOxYzwG1dRIPi,https://api.spotify.com/v1/audio-analysis/00sydAz6PeOxYzwG1dRIPi,208133,4,https://open.spotify.com/track/00sydAz6PeOxYzwG1dRIPi
"Boy's A Liar, Pt. 2",PinkPantheress & Ice Spice,spotify:track:6AQbmUe0Qwf5PZnt4HmTXv,0.696,0.809,5,-8.254,1,0.05,0.252,0.000128,0.248,0.857,132.962,audio_features,6AQbmUe0Qwf5PZnt4HmTXv,spotify:track:6AQbmUe0Qwf5PZnt4HmTXv,https://api.spotify.com/v1/tracks/6AQbmUe0Qwf5PZnt4HmTXv,https://api.spotify.com/v1/audio-analysis/6AQbmUe0Qwf5PZnt4HmTXv,131013,4,https://open.spotify.com/track/6AQbmUe0Qwf5PZnt4HmTXv
Anti-Hero,Taylor Swift,spotify:track:0V3wPSX9ygBnCm8psDIegu,0.637,0.643,4,-6.571,1,0.0519,0.13,1.8e-06,0.142,0.533,97.008,audio_features,0V3wPSX9ygBnCm8psDIegu,spotify:track:0V3wPSX9ygBnCm8psDIegu,https://api.spotify.com/v1/tracks/0V3wPSX9ygBnCm8psDIegu,https://api.spotify.com/v1/audio-analysis/0V3wPSX9ygBnCm8psDIegu,200690,4,https://open.spotify.com/track/0V3wPSX9ygBnCm8psDIegu
La Bebe,Yng Lvcas x Peso Pluma,spotify:track:2UW7JaomAMuX9pZrjVpHAU,0.812,0.479,2,-5.678,0,0.333,0.213,1.21e-06,0.0756,0.559,169.922,audio_features,2UW7JaomAMuX9pZrjVpHAU,spotify:track:2UW7JaomAMuX9pZrjVpHAU,https://api.spotify.com/v1/tracks/2UW7JaomAMuX9pZrjVpHAU,https://api.spotify.com/v1/audio-analysis/2UW7JaomAMuX9pZrjVpHAU,234353,4,https://open.spotify.com/track/2UW7JaomAMuX9pZrjVpHAU
Chemical,Post Malone,spotify:track:1Jnd33FmyS487u0QZMX39N,0.489,0.893,2,-4.845,1,0.0436,0.00205,0.0,0.114,0.381,169.928,audio_features,1Jnd33FmyS487u0QZMX39N,spotify:track:1Jnd33FmyS487u0QZMX39N,https://api.spotify.com/v1/tracks/1Jnd33FmyS487u0QZMX39N,https://api.spotify.com/v1/audio-analysis/1Jnd33FmyS487u0QZMX39N,184013,4,https://open.spotify.com/track/1Jnd33FmyS487u0QZMX39N
Favorite Song,Toosii,spotify:track:1SRw5p2lVAi7RGlHEmZg66,0.816,0.367,2,-9.354,1,0.0588,0.314,0.0,0.0987,0.413,116.035,audio_features,1SRw5p2lVAi7RGlHEmZg66,spotify:track:1SRw5p2lVAi7RGlHEmZg66,https://api.spotify.com/v1/tracks/1SRw5p2lVAi7RGlHEmZg66,https://api.spotify.com/v1/audio-analysis/1SRw5p2lVAi7RGlHEmZg66,208630,4,https://open.spotify.com/track/1SRw5p2lVAi7RGlHEmZg66
Un x100to,Grupo Frontera X Bad Bunny,spotify:track:6pD0ufEQq0xdHSsRbg9LBK,0.569,0.724,6,-4.076,0,0.0474,0.228,0.0,0.27,0.562,83.118,audio_features,6pD0ufEQq0xdHSsRbg9LBK,spotify:track:6pD0ufEQq0xdHSsRbg9LBK,https://api.spotify.com/v1/tracks/6pD0ufEQq0xdHSsRbg9LBK,https://api.spotify.com/v1/audio-analysis/6pD0ufEQq0xdHSsRbg9LBK,194563,4,https://open.spotify.com/track/6pD0ufEQq0xdHSsRbg9LBK
Players,Coi Leray,spotify:track:6UN73IYd0hZxLi8wFPMQij,0.954,0.516,6,-5.817,1,0.16,0.03,7.54e-06,0.0504,0.624,105.001,audio_features,6UN73IYd0hZxLi8wFPMQij,spotify:track:6UN73IYd0hZxLi8wFPMQij,https://api.spotify.com/v1/tracks/6UN73IYd0hZxLi8wFPMQij,https://api.spotify.com/v1/audio-analysis/6UN73IYd0hZxLi8wFPMQij,139560,4,https://open.spotify.com/track/6UN73IYd0hZxLi8wFPMQij
Rock And A Hard Place,Bailey Zimmerman,spotify:track:4686eQ81DEswHa90bcdlC9,0.582,0.568,1,-7.3,1,0.0275,0.577,0.0,0.105,0.394,121.991,audio_features,4686eQ81DEswHa90bcdlC9,spotify:track:4686eQ81DEswHa90bcdlC9,https://api.spotify.com/v1/tracks/4686eQ81DEswHa90bcdlC9,https://api.spotify.com/v1/audio-analysis/4686eQ81DEswHa90bcdlC9,207541,3,https://open.spotify.com/track/4686eQ81DEswHa90bcdlC9
You Proof,Morgan Wallen,spotify:track:5W4kiM2cUYBJXKRudNyxjW,0.732,0.839,9,-5.007,1,0.0345,0.265,0.0,0.602,0.629,119.724,audio_features,5W4kiM2cUYBJXKRudNyxjW,spotify:track:5W4kiM2cUYBJXKRudNyxjW,https://api.spotify.com/v1/tracks/5W4kiM2cUYBJXKRudNyxjW,https://api.spotify.com/v1/audio-analysis/5W4kiM2cUYBJXKRudNyxjW,157478,4,https://open.spotify.com/track/5W4kiM2cUYBJXKRudNyxjW
Fast Car,Luke Combs,spotify:track:1Lo0QY9cvc8sUB2vnIOxDT,0.712,0.603,8,-5.52,1,0.0262,0.186,0.0,0.115,0.67,97.994,audio_features,1Lo0QY9cvc8sUB2vnIOxDT,spotify:track:1Lo0QY9cvc8sUB2vnIOxDT,https://api.spotify.com/v1/tracks/1Lo0QY9cvc8sUB2vnIOxDT,https://api.spotify.com/v1/audio-analysis/1Lo0QY9cvc8sUB2vnIOxDT,265493,4,https://open.spotify.com/track/1Lo0QY9cvc8sUB2vnIOxDT
Sure Thing,Miguel,spotify:track:0JXXNGljqupsJaZsgSbMZV,0.684,0.607,11,-8.127,0,0.1,0.0267,0.000307,0.191,0.498,81.001,audio_features,0JXXNGljqupsJaZsgSbMZV,spotify:track:0JXXNGljqupsJaZsgSbMZV,https://api.spotify.com/v1/tracks/0JXXNGljqupsJaZsgSbMZV,https://api.spotify.com/v1/audio-analysis/0JXXNGljqupsJaZsgSbMZV,195373,4,https://open.spotify.com/track/0JXXNGljqupsJaZsgSbMZV
As It Was,Harry Styles,spotify:track:1lUNlmwyhsJy6kXmmrO11t,0.509,0.83,9,-4.446,1,0.0742,0.0138,0.00263,0.208,0.83,174.009,audio_features,1lUNlmwyhsJy6kXmmrO11t,spotify:track:1lUNlmwyhsJy6kXmmrO11t,https://api.spotify.com/v1/tracks/1lUNlmwyhsJy6kXmmrO11t,https://api.spotify.com/v1/audio-analysis/1lUNlmwyhsJy6kXmmrO11t,159640,4,https://open.spotify.com/track/1lUNlmwyhsJy6kXmmrO11t
Thinkin' Bout Me,Morgan Wallen,spotify:track:0PAcdVzhPO4gq1Iym9ESnK,0.656,0.757,3,-5.775,0,0.0308,0.492,0.0,0.117,0.429,139.971,audio_features,0PAcdVzhPO4gq1Iym9ESnK,spotify:track:0PAcdVzhPO4gq1Iym9ESnK,https://api.spotify.com/v1/tracks/0PAcdVzhPO4gq1Iym9ESnK,https://api.spotify.com/v1/audio-analysis/0PAcdVzhPO4gq1Iym9ESnK,177388,4,https://open.spotify.com/track/0PAcdVzhPO4gq1Iym9ESnK
Lavender Haze,Taylor Swift,spotify:track:5jQI2r1RdgtuT8S3iG8zFC,0.733,0.436,10,-10.489,1,0.08,0.258,0.000573,0.157,0.0976,96.985,audio_features,5jQI2r1RdgtuT8S3iG8zFC,spotify:track:5jQI2r1RdgtuT8S3iG8zFC,https://api.spotify.com/v1/tracks/5jQI2r1RdgtuT8S3iG8zFC,https://api.spotify.com/v1/audio-analysis/5jQI2r1RdgtuT8S3iG8zFC,202396,4,https://open.spotify.com/track/5jQI2r1RdgtuT8S3iG8zFC
One Thing At A Time,Morgan Wallen,spotify:track:1rXq0uoV4KTgRN64jXzIxo,0.613,0.914,7,-5.153,1,0.03,0.00522,2.21e-06,0.26,0.916,141.978,audio_features,1rXq0uoV4KTgRN64jXzIxo,spotify:track:1rXq0uoV4KTgRN64jXzIxo,https://api.spotify.com/v1/tracks/1rXq0uoV4KTgRN64jXzIxo,https://api.spotify.com/v1/audio-analysis/1rXq0uoV4KTgRN64jXzIxo,206865,4,https://open.spotify.com/track/1rXq0uoV4KTgRN64jXzIxo
Thought You Should Know,Morgan Wallen,spotify:track:3Qu3Zh4WTKhP9GEXo0aDnb,0.53,0.678,6,-6.16,1,0.0278,0.506,6.23e-06,0.138,0.508,140.05,audio_features,3Qu3Zh4WTKhP9GEXo0aDnb,spotify:track:3Qu3Zh4WTKhP9GEXo0aDnb,https://api.spotify.com/v1/tracks/3Qu3Zh4WTKhP9GEXo0aDnb,https://api.spotify.com/v1/audio-analysis/3Qu3Zh4WTKhP9GEXo0aDnb,215572,4,https://open.spotify.com/track/3Qu3Zh4WTKhP9GEXo0aDnb
I'm Good (Blue),David Guetta & Bebe Rexha,spotify:track:4uUG5RXrOk84mYEfFvj3cK,0.561,0.965,7,-3.673,0,0.0343,0.00383,7.07e-06,0.371,0.304,128.04,audio_features,4uUG5RXrOk84mYEfFvj3cK,spotify:track:4uUG5RXrOk84mYEfFvj3cK,https://api.spotify.com/v1/tracks/4uUG5RXrOk84mYEfFvj3cK,https://api.spotify.com/v1/audio-analysis/4uUG5RXrOk84mYEfFvj3cK,175238,4,https://open.spotify.com/track/4uUG5RXrOk84mYEfFvj3cK
Under The Influence,Chris Brown,spotify:track:5IgjP7X4th6nMNDh4akUHb,0.733,0.69,9,-5.529,0,0.0427,0.0635,1.18e-06,0.105,0.31,116.992,audio_features,5IgjP7X4th6nMNDh4akUHb,spotify:track:5IgjP7X4th6nMNDh4akUHb,https://api.spotify.com/v1/tracks/5IgjP7X4th6nMNDh4akUHb,https://api.spotify.com/v1/audio-analysis/5IgjP7X4th6nMNDh4akUHb,184613,4,https://open.spotify.com/track/5IgjP7X4th6nMNDh4akUHb
Thank God,Kane Brown With Katelyn Brown,spotify:track:1brnLTvarI9D1hLP6z2Ar8,0.738,0.455,3,-8.735,1,0.0352,0.695,0.0,0.107,0.441,99.945,audio_features,1brnLTvarI9D1hLP6z2Ar8,spotify:track:1brnLTvarI9D1hLP6z2Ar8,https://api.spotify.com/v1/tracks/1brnLTvarI9D1hLP6z2Ar8,https://api.spotify.com/v1/audio-analysis/1brnLTvarI9D1hLP6z2Ar8,174560,4,https://open.spotify.com/track/1brnLTvarI9D1hLP6z2Ar8
Something In The Orange,Zach Bryan,spotify:track:3WMj8moIAXJhHsyLaqIIHI,0.369,0.192,4,-12.151,0,0.04,0.555,8.35e-06,0.0954,0.148,175.212,audio_features,3WMj8moIAXJhHsyLaqIIHI,spotify:track:3WMj8moIAXJhHsyLaqIIHI,https://api.spotify.com/v1/tracks/3WMj8moIAXJhHsyLaqIIHI,https://api.spotify.com/v1/audio-analysis/3WMj8moIAXJhHsyLaqIIHI,228013,3,https://open.spotify.com/track/3WMj8moIAXJhHsyLaqIIHI
Escapism,RAYE Featuring 070 Shake,spotify:track:5mHdCZtVyb4DcJw8799hZp,0.538,0.742,2,-5.355,1,0.114,0.138,4.67e-05,0.0934,0.25,96.107,audio_features,5mHdCZtVyb4DcJw8799hZp,spotify:track:5mHdCZtVyb4DcJw8799hZp,https://api.spotify.com/v1/tracks/5mHdCZtVyb4DcJw8799hZp,https://api.spotify.com/v1/audio-analysis/5mHdCZtVyb4DcJw8799hZp,272373,4,https://open.spotify.com/track/5mHdCZtVyb4DcJw8799hZp
Slut Me Out,NLE Choppa,spotify:track:5BmB3OaQyYXCqRyN8iR2Yi,0.938,0.606,6,-6.396,0,0.419,0.117,0.0,0.528,0.706,121.108,audio_features,5BmB3OaQyYXCqRyN8iR2Yi,spotify:track:5BmB3OaQyYXCqRyN8iR2Yi,https://api.spotify.com/v1/tracks/5BmB3OaQyYXCqRyN8iR2Yi,https://api.spotify.com/v1/audio-analysis/5BmB3OaQyYXCqRyN8iR2Yi,123673,4,https://open.spotify.com/track/5BmB3OaQyYXCqRyN8iR2Yi
Por Las Noches,Peso Pluma,spotify:track:2VzCjpKvPB1l1tqLndtAQa,0.807,0.595,0,-7.19,1,0.0325,0.31,2.44e-05,0.0735,0.392,92.491,audio_features,2VzCjpKvPB1l1tqLndtAQa,spotify:track:2VzCjpKvPB1l1tqLndtAQa,https://api.spotify.com/v1/tracks/2VzCjpKvPB1l1tqLndtAQa,https://api.spotify.com/v1/audio-analysis/2VzCjpKvPB1l1tqLndtAQa,239845,4,https://open.spotify.com/track/2VzCjpKvPB1l1tqLndtAQa
Unholy,Sam Smith & Kim Petras,spotify:track:3nqQXoyQOWXiESFLlDF1hG,0.714,0.472,2,-7.375,1,0.0864,0.013,4.51e-06,0.266,0.238,131.121,audio_features,3nqQXoyQOWXiESFLlDF1hG,spotify:track:3nqQXoyQOWXiESFLlDF1hG,https://api.spotify.com/v1/tracks/3nqQXoyQOWXiESFLlDF1hG,https://api.spotify.com/v1/audio-analysis/3nqQXoyQOWXiESFLlDF1hG,156943,4,https://open.spotify.com/track/3nqQXoyQOWXiESFLlDF1hG
Wait In The Truck,HARDY Featuring Lainey Wilson,spotify:track:7trjNYF5ek7zX4GKSHQZbP,0.534,0.466,6,-6.98,1,0.0272,0.277,0.0,0.0979,0.23,140.0,audio_features,7trjNYF5ek7zX4GKSHQZbP,spotify:track:7trjNYF5ek7zX4GKSHQZbP,https://api.spotify.com/v1/tracks/7trjNYF5ek7zX4GKSHQZbP,https://api.spotify.com/v1/audio-analysis/7trjNYF5ek7zX4GKSHQZbP,277660,4,https://open.spotify.com/track/7trjNYF5ek7zX4GKSHQZbP
PRC,Peso Pluma X Natanael Cano,spotify:track:2mpoNBkngUEwnaKoBhZ0vl,0.784,0.826,7,-6.34,0,0.0538,0.0965,7.09e-05,0.123,0.893,138.078,audio_features,2mpoNBkngUEwnaKoBhZ0vl,spotify:track:2mpoNBkngUEwnaKoBhZ0vl,https://api.spotify.com/v1/tracks/2mpoNBkngUEwnaKoBhZ0vl,https://api.spotify.com/v1/audio-analysis/2mpoNBkngUEwnaKoBhZ0vl,184066,3,https://open.spotify.com/track/2mpoNBkngUEwnaKoBhZ0vl
Just Wanna Rock,Lil Uzi Vert,spotify:track:4FyesJzVpA39hbYvcseO2d,0.486,0.545,11,-7.924,1,0.0336,0.0652,0.00474,0.0642,0.0385,150.187,audio_features,4FyesJzVpA39hbYvcseO2d,spotify:track:4FyesJzVpA39hbYvcseO2d,https://api.spotify.com/v1/tracks/4FyesJzVpA39hbYvcseO2d,https://api.spotify.com/v1/audio-analysis/4FyesJzVpA39hbYvcseO2d,123891,4,https://open.spotify.com/track/4FyesJzVpA39hbYvcseO2d
Handle On You,Parker McCollum,spotify:track:6Qpfsw8OS5HW5XxgmXYLWS,0.588,0.931,6,-3.925,1,0.0318,0.00411,0.0,0.345,0.625,105.027,audio_features,6Qpfsw8OS5HW5XxgmXYLWS,spotify:track:6Qpfsw8OS5HW5XxgmXYLWS,https://api.spotify.com/v1/tracks/6Qpfsw8OS5HW5XxgmXYLWS,https://api.spotify.com/v1/audio-analysis/6Qpfsw8OS5HW5XxgmXYLWS,219333,4,https://open.spotify.com/track/6Qpfsw8OS5HW5XxgmXYLWS
Dancin' In The Country,Tyler Hubbard,spotify:track:2KtGiBi5CrX2ERPD2PAS34,0.657,0.871,7,-4.614,1,0.0675,0.0031,0.0,0.102,0.532,114.974,audio_features,2KtGiBi5CrX2ERPD2PAS34,spotify:track:2KtGiBi5CrX2ERPD2PAS34,https://api.spotify.com/v1/tracks/2KtGiBi5CrX2ERPD2PAS34,https://api.spotify.com/v1/audio-analysis/2KtGiBi5CrX2ERPD2PAS34,179640,4,https://open.spotify.com/track/2KtGiBi5CrX2ERPD2PAS34
Snooze,SZA,spotify:track:2CSRrnOEELmhpq8iaAi9cd,0.461,0.279,9,-11.776,0,0.0373,0.911,0.0,0.205,0.599,114.225,audio_features,2CSRrnOEELmhpq8iaAi9cd,spotify:track:2CSRrnOEELmhpq8iaAi9cd,https://api.spotify.com/v1/tracks/2CSRrnOEELmhpq8iaAi9cd,https://api.spotify.com/v1/audio-analysis/2CSRrnOEELmhpq8iaAi9cd,150720,4,https://open.spotify.com/track/2CSRrnOEELmhpq8iaAi9cd
AMG,"Gabito Ballesteros, Peso Pluma & Natanael Cano",spotify:track:1lRtH4FszTrwwlK5gTSbXO,0.772,0.73,11,-6.657,0,0.0972,0.152,0.000107,0.274,0.786,136.175,audio_features,1lRtH4FszTrwwlK5gTSbXO,spotify:track:1lRtH4FszTrwwlK5gTSbXO,https://api.spotify.com/v1/tracks/1lRtH4FszTrwwlK5gTSbXO,https://api.spotify.com/v1/audio-analysis/1lRtH4FszTrwwlK5gTSbXO,174943,3,https://open.spotify.com/track/1lRtH4FszTrwwlK5gTSbXO
Superhero (Heroes & Villains),"Metro Boomin, Future & Chris Brown",spotify:track:0vjeOZ3Ft5jvAi9SBFJm1j,0.526,0.606,5,-5.3,0,0.259,0.152,2.36e-06,0.194,0.492,116.622,audio_features,0vjeOZ3Ft5jvAi9SBFJm1j,spotify:track:0vjeOZ3Ft5jvAi9SBFJm1j,https://api.spotify.com/v1/tracks/0vjeOZ3Ft5jvAi9SBFJm1j,https://api.spotify.com/v1/audio-analysis/0vjeOZ3Ft5jvAi9SBFJm1j,182667,4,https://open.spotify.com/track/0vjeOZ3Ft5jvAi9SBFJm1j
TQG,Karol G x Shakira,spotify:track:0DWdj2oZMBFSzRsi2Cvfzf,0.72,0.63,4,-3.547,0,0.277,0.673,0.0,0.0936,0.607,179.974,audio_features,0DWdj2oZMBFSzRsi2Cvfzf,spotify:track:0DWdj2oZMBFSzRsi2Cvfzf,https://api.spotify.com/v1/tracks/0DWdj2oZMBFSzRsi2Cvfzf,https://api.spotify.com/v1/audio-analysis/0DWdj2oZMBFSzRsi2Cvfzf,199440,4,https://open.spotify.com/track/0DWdj2oZMBFSzRsi2Cvfzf
Rich Flex,Drake & 21 Savage,spotify:track:1bDbXMyjaUIooNwFE9wn0N,0.561,0.52,11,-9.342,0,0.244,0.0503,1.86e-06,0.355,0.424,153.15,audio_features,1bDbXMyjaUIooNwFE9wn0N,spotify:track:1bDbXMyjaUIooNwFE9wn0N,https://api.spotify.com/v1/tracks/1bDbXMyjaUIooNwFE9wn0N,https://api.spotify.com/v1/audio-analysis/1bDbXMyjaUIooNwFE9wn0N,239360,3,https://open.spotify.com/track/1bDbXMyjaUIooNwFE9wn0N
Love You Anyway,Luke Combs,spotify:track:2kYevr8cbIAH2ha8210Bnz,0.532,0.489,4,-7.419,1,0.0311,0.149,0.0,0.237,0.32,139.807,audio_features,2kYevr8cbIAH2ha8210Bnz,spotify:track:2kYevr8cbIAH2ha8210Bnz,https://api.spotify.com/v1/tracks/2kYevr8cbIAH2ha8210Bnz,https://api.spotify.com/v1/audio-analysis/2kYevr8cbIAH2ha8210Bnz,229627,4,https://open.spotify.com/track/2kYevr8cbIAH2ha8210Bnz
Spin Bout U,Drake & 21 Savage,spotify:track:2ZL7WZcjuYKi1KUDtp4kCC,0.773,0.701,7,-6.386,1,0.0512,0.01,0.0,0.163,0.203,129.963,audio_features,2ZL7WZcjuYKi1KUDtp4kCC,spotify:track:2ZL7WZcjuYKi1KUDtp4kCC,https://api.spotify.com/v1/tracks/2ZL7WZcjuYKi1KUDtp4kCC,https://api.spotify.com/v1/audio-analysis/2ZL7WZcjuYKi1KUDtp4kCC,214589,4,https://open.spotify.com/track/2ZL7WZcjuYKi1KUDtp4kCC
Next Thing You Know,Jordan Davis,spotify:track:2lNTHWu2I5Tcz9ukWsV5Jj,0.557,0.597,5,-8.296,1,0.048,0.646,0.0,0.0974,0.414,78.526,audio_features,2lNTHWu2I5Tcz9ukWsV5Jj,spotify:track:2lNTHWu2I5Tcz9ukWsV5Jj,https://api.spotify.com/v1/tracks/2lNTHWu2I5Tcz9ukWsV5Jj,https://api.spotify.com/v1/audio-analysis/2lNTHWu2I5Tcz9ukWsV5Jj,175238,4,https://open.spotify.com/track/2lNTHWu2I5Tcz9ukWsV5Jj
Eyes Closed,Ed Sheeran,spotify:track:07bsRv0pcpbG4zJeLsUs1p,0.777,0.526,2,-6.221,1,0.0645,0.302,0.0,0.105,0.389,107.071,audio_features,07bsRv0pcpbG4zJeLsUs1p,spotify:track:07bsRv0pcpbG4zJeLsUs1p,https://api.spotify.com/v1/tracks/07bsRv0pcpbG4zJeLsUs1p,https://api.spotify.com/v1/audio-analysis/07bsRv0pcpbG4zJeLsUs1p,194849,4,https://open.spotify.com/track/07bsRv0pcpbG4zJeLsUs1p
Daylight,David Kushner,spotify:track:1odExI7RdWc4BT515LTAwj,0.508,0.43,2,-9.475,0,0.0335,0.83,0.000441,0.093,0.324,130.09,audio_features,1odExI7RdWc4BT515LTAwj,spotify:track:1odExI7RdWc4BT515LTAwj,https://api.spotify.com/v1/tracks/1odExI7RdWc4BT515LTAwj,https://api.spotify.com/v1/audio-analysis/1odExI7RdWc4BT515LTAwj,212954,4,https://open.spotify.com/track/1odExI7RdWc4BT515LTAwj
Heart Like A Truck,Lainey Wilson,spotify:track:5ZCjp56T8J6d7amJyFSzrI,0.587,0.632,9,-5.416,1,0.0311,0.148,1.01e-05,0.158,0.392,139.974,audio_features,5ZCjp56T8J6d7amJyFSzrI,spotify:track:5ZCjp56T8J6d7amJyFSzrI,https://api.spotify.com/v1/tracks/5ZCjp56T8J6d7amJyFSzrI,https://api.spotify.com/v1/audio-analysis/5ZCjp56T8J6d7amJyFSzrI,199040,4,https://open.spotify.com/track/5ZCjp56T8J6d7amJyFSzrI
Cupid,Fifty Fifty,spotify:track:7FbrGaHYVDmfr7KoLIZnQ7,0.783,0.592,11,-8.332,0,0.0331,0.435,4.15e-06,0.347,0.726,120.018,audio_features,7FbrGaHYVDmfr7KoLIZnQ7,spotify:track:7FbrGaHYVDmfr7KoLIZnQ7,https://api.spotify.com/v1/tracks/7FbrGaHYVDmfr7KoLIZnQ7,https://api.spotify.com/v1/audio-analysis/7FbrGaHYVDmfr7KoLIZnQ7,174253,4,https://open.spotify.com/track/7FbrGaHYVDmfr7KoLIZnQ7
Wild As Her,Corey Kent,spotify:track:4RG7P0CXQ4pe0OeCAHjX5L,0.504,0.736,0,-6.079,1,0.0352,0.00216,0.0,0.129,0.46,148.014,audio_features,4RG7P0CXQ4pe0OeCAHjX5L,spotify:track:4RG7P0CXQ4pe0OeCAHjX5L,https://api.spotify.com/v1/tracks/4RG7P0CXQ4pe0OeCAHjX5L,https://api.spotify.com/v1/audio-analysis/4RG7P0CXQ4pe0OeCAHjX5L,199733,4,https://open.spotify.com/track/4RG7P0CXQ4pe0OeCAHjX5L
Bebe Dame,Fuerza Regida X Grupo Frontera,spotify:track:0mzsLrUNazBaRfYZfjmpSV,0.537,0.602,7,-4.631,1,0.0458,0.296,0.0,0.0715,0.753,157.437,audio_features,0mzsLrUNazBaRfYZfjmpSV,spotify:track:0mzsLrUNazBaRfYZfjmpSV,https://api.spotify.com/v1/tracks/0mzsLrUNazBaRfYZfjmpSV,https://api.spotify.com/v1/audio-analysis/0mzsLrUNazBaRfYZfjmpSV,271862,4,https://open.spotify.com/track/0mzsLrUNazBaRfYZfjmpSV
Bloody Mary,Lady Gaga,spotify:track:11BKm0j4eYoCPPpCONAVwA,0.591,0.637,9,-6.365,0,0.03,0.0107,1.95e-06,0.113,0.432,99.998,audio_features,11BKm0j4eYoCPPpCONAVwA,spotify:track:11BKm0j4eYoCPPpCONAVwA,https://api.spotify.com/v1/tracks/11BKm0j4eYoCPPpCONAVwA,https://api.spotify.com/v1/audio-analysis/11BKm0j4eYoCPPpCONAVwA,244760,4,https://open.spotify.com/track/11BKm0j4eYoCPPpCONAVwA
Tennessee Orange,Megan Moroney,spotify:track:3fl4zil6HJ0N1FL3YIRwdC,0.38,0.488,9,-6.637,1,0.029,0.126,7.23e-06,0.115,0.268,156.031,audio_features,3fl4zil6HJ0N1FL3YIRwdC,spotify:track:3fl4zil6HJ0N1FL3YIRwdC,https://api.spotify.com/v1/tracks/3fl4zil6HJ0N1FL3YIRwdC,https://api.spotify.com/v1/audio-analysis/3fl4zil6HJ0N1FL3YIRwdC,223120,3,https://open.spotify.com/track/3fl4zil6HJ0N1FL3YIRwdC
Fight The Feeling,Rod Wave,spotify:track:7l6nGz4gp6HGs5Cvmdeqe4,0.634,0.538,0,-9.213,1,0.0603,0.0514,0.0,0.099,0.152,168.029,audio_features,7l6nGz4gp6HGs5Cvmdeqe4,spotify:track:7l6nGz4gp6HGs5Cvmdeqe4,https://api.spotify.com/v1/tracks/7l6nGz4gp6HGs5Cvmdeqe4,https://api.spotify.com/v1/audio-analysis/7l6nGz4gp6HGs5Cvmdeqe4,160714,5,https://open.spotify.com/track/7l6nGz4gp6HGs5Cvmdeqe4
Peaches,Jack Black,spotify:track:4w9soAM7IrmYDhSXLp14p6,0.698,0.312,10,-10.9,0,0.0483,0.797,0.0,0.1,0.419,92.138,audio_features,4w9soAM7IrmYDhSXLp14p6,spotify:track:4w9soAM7IrmYDhSXLp14p6,https://api.spotify.com/v1/tracks/4w9soAM7IrmYDhSXLp14p6,https://api.spotify.com/v1/audio-analysis/4w9soAM7IrmYDhSXLp14p6,95440,4,https://open.spotify.com/track/4w9soAM7IrmYDhSXLp14p6
Low Down,Lil Baby,spotify:track:5m0yZ33oOy0yYBtdTXuxQe,0.962,0.619,10,-5.562,0,0.405,0.0354,0.0,0.083,0.154,127.958,audio_features,5m0yZ33oOy0yYBtdTXuxQe,spotify:track:5m0yZ33oOy0yYBtdTXuxQe,https://api.spotify.com/v1/tracks/5m0yZ33oOy0yYBtdTXuxQe,https://api.spotify.com/v1/audio-analysis/5m0yZ33oOy0yYBtdTXuxQe,144652,4,https://open.spotify.com/track/5m0yZ33oOy0yYBtdTXuxQe
Beso,Rosalia & Rauw Alejandro,spotify:track:609E1JCInJncactoMmkDon,0.768,0.644,5,-6.671,0,0.136,0.736,0.000837,0.173,0.53,95.05,audio_features,609E1JCInJncactoMmkDon,spotify:track:609E1JCInJncactoMmkDon,https://api.spotify.com/v1/tracks/609E1JCInJncactoMmkDon,https://api.spotify.com/v1/audio-analysis/609E1JCInJncactoMmkDon,194543,4,https://open.spotify.com/track/609E1JCInJncactoMmkDon
El Azul,Junior H x Peso Pluma,spotify:track:1haJsMtoBhHfvuM7XWuT3W,0.558,0.648,9,-7.081,0,0.055,0.226,7.76e-06,0.0986,0.844,143.876,audio_features,1haJsMtoBhHfvuM7XWuT3W,spotify:track:1haJsMtoBhHfvuM7XWuT3W,https://api.spotify.com/v1/tracks/1haJsMtoBhHfvuM7XWuT3W,https://api.spotify.com/v1/audio-analysis/1haJsMtoBhHfvuM7XWuT3W,187226,3,https://open.spotify.com/track/1haJsMtoBhHfvuM7XWuT3W
Red Ruby Da Sleeze,Nicki Minaj,spotify:track:4ZYAU4A2YBtlNdqOUtc7T2,0.696,0.733,1,-6.181,1,0.256,0.115,0.0,0.111,0.292,98.355,audio_features,4ZYAU4A2YBtlNdqOUtc7T2,spotify:track:4ZYAU4A2YBtlNdqOUtc7T2,https://api.spotify.com/v1/tracks/4ZYAU4A2YBtlNdqOUtc7T2,https://api.spotify.com/v1/audio-analysis/4ZYAU4A2YBtlNdqOUtc7T2,214445,4,https://open.spotify.com/track/4ZYAU4A2YBtlNdqOUtc7T2
Ain't That Some,Morgan Wallen,spotify:track:3lkmvsCSeiJKzTolGOpVML,0.654,0.782,6,-5.773,0,0.0293,0.00279,3.51e-06,0.338,0.755,121.082,audio_features,3lkmvsCSeiJKzTolGOpVML,spotify:track:3lkmvsCSeiJKzTolGOpVML,https://api.spotify.com/v1/tracks/3lkmvsCSeiJKzTolGOpVML,https://api.spotify.com/v1/audio-analysis/3lkmvsCSeiJKzTolGOpVML,157998,4,https://open.spotify.com/track/3lkmvsCSeiJKzTolGOpVML
Never Felt So Alone,Labrinth,spotify:track:6unndO70DvZfnXYcYQMyQJ,0.436,0.409,5,-4.438,1,0.0533,0.499,0.000166,0.38,0.363,98.357,audio_features,6unndO70DvZfnXYcYQMyQJ,spotify:track:6unndO70DvZfnXYcYQMyQJ,https://api.spotify.com/v1/tracks/6unndO70DvZfnXYcYQMyQJ,https://api.spotify.com/v1/audio-analysis/6unndO70DvZfnXYcYQMyQJ,160166,3,https://open.spotify.com/track/6unndO70DvZfnXYcYQMyQJ
Nonsense,Sabrina Carpenter,spotify:track:6dgUya35uo964z7GZXM07g,0.74,0.697,8,-4.912,1,0.034,0.0268,0.0,0.224,0.732,138.992,audio_features,6dgUya35uo964z7GZXM07g,spotify:track:6dgUya35uo964z7GZXM07g,https://api.spotify.com/v1/tracks/6dgUya35uo964z7GZXM07g,https://api.spotify.com/v1/audio-analysis/6dgUya35uo964z7GZXM07g,163648,4,https://open.spotify.com/track/6dgUya35uo964z7GZXM07g
Everything I Love,Morgan Wallen,spotify:track:03fs6oV5JAlbytRYf3371S,0.568,0.841,8,-3.802,1,0.0261,0.00514,0.000503,0.147,0.668,103.983,audio_features,03fs6oV5JAlbytRYf3371S,spotify:track:03fs6oV5JAlbytRYf3371S,https://api.spotify.com/v1/tracks/03fs6oV5JAlbytRYf3371S,https://api.spotify.com/v1/audio-analysis/03fs6oV5JAlbytRYf3371S,187047,4,https://open.spotify.com/track/03fs6oV5JAlbytRYf3371S
See You Again,"Tyler, The Creator Featuring Kali Uchis",spotify:track:76Ew3gspyyJQxexO2BRwiy,0.619,0.0585,7,-24.62,1,0.0526,0.957,0.945,0.0902,0.295,145.988,audio_features,76Ew3gspyyJQxexO2BRwiy,spotify:track:76Ew3gspyyJQxexO2BRwiy,https://api.spotify.com/v1/tracks/76Ew3gspyyJQxexO2BRwiy,https://api.spotify.com/v1/audio-analysis/76Ew3gspyyJQxexO2BRwiy,131507,3,https://open.spotify.com/track/76Ew3gspyyJQxexO2BRwiy
I Wrote The Book,Morgan Wallen,spotify:track:7phmBo7bB9I9YifAXqnlqV,0.692,0.808,2,-3.757,1,0.0396,0.0834,3.75e-05,0.0913,0.802,143.977,audio_features,7phmBo7bB9I9YifAXqnlqV,spotify:track:7phmBo7bB9I9YifAXqnlqV,https://api.spotify.com/v1/tracks/7phmBo7bB9I9YifAXqnlqV,https://api.spotify.com/v1/audio-analysis/7phmBo7bB9I9YifAXqnlqV,181767,4,https://open.spotify.com/track/7phmBo7bB9I9YifAXqnlqV
Cowgirls,Morgan Wallen Featuring ERNEST,spotify:track:7fveJ3pk1eSfxBdVkzdXZ0,0.624,0.766,8,-3.805,1,0.0359,0.199,8.62e-06,0.156,0.37,172.08,audio_features,7fveJ3pk1eSfxBdVkzdXZ0,spotify:track:7fveJ3pk1eSfxBdVkzdXZ0,https://api.spotify.com/v1/tracks/7fveJ3pk1eSfxBdVkzdXZ0,https://api.spotify.com/v1/audio-analysis/7fveJ3pk1eSfxBdVkzdXZ0,181621,4,https://open.spotify.com/track/7fveJ3pk1eSfxBdVkzdXZ0
Man Made A Bar,Morgan Wallen Featuring Eric Church,spotify:track:73zawW1ttszLRgT9By826D,0.498,0.764,4,-5.006,1,0.0309,0.123,3.07e-05,0.119,0.489,147.984,audio_features,73zawW1ttszLRgT9By826D,spotify:track:73zawW1ttszLRgT9By826D,https://api.spotify.com/v1/tracks/73zawW1ttszLRgT9By826D,https://api.spotify.com/v1/audio-analysis/73zawW1ttszLRgT9By826D,191231,4,https://open.spotify.com/track/73zawW1ttszLRgT9By826D
Ch y La Pizza,Fuerza Regida X Natanael Cano,spotify:track:1ySH55O0zbQBR77q8wQEyn,0.661,0.6,8,-4.495,1,0.125,0.401,0.0,0.141,0.848,148.666,audio_features,1ySH55O0zbQBR77q8wQEyn,spotify:track:1ySH55O0zbQBR77q8wQEyn,https://api.spotify.com/v1/tracks/1ySH55O0zbQBR77q8wQEyn,https://api.spotify.com/v1/audio-analysis/1ySH55O0zbQBR77q8wQEyn,136913,3,https://open.spotify.com/track/1ySH55O0zbQBR77q8wQEyn
Need A Favor,Jelly Roll,spotify:track:5jUOG0aeAofL5u3UWyrtDO,0.504,0.771,6,-4.231,1,0.0319,0.0123,1.89e-05,0.078,0.555,157.985,audio_features,5jUOG0aeAofL5u3UWyrtDO,spotify:track:5jUOG0aeAofL5u3UWyrtDO,https://api.spotify.com/v1/tracks/5jUOG0aeAofL5u3UWyrtDO,https://api.spotify.com/v1/audio-analysis/5jUOG0aeAofL5u3UWyrtDO,197400,4,https://open.spotify.com/track/5jUOG0aeAofL5u3UWyrtDO
Yandel 150,Yandel & Feid,spotify:track:2oiixB9QMIzhWaHGVlQx4g,0.783,0.729,6,-3.549,0,0.0691,0.0492,0.000272,0.1,0.58,167.968,audio_features,2oiixB9QMIzhWaHGVlQx4g,spotify:track:2oiixB9QMIzhWaHGVlQx4g,https://api.spotify.com/v1/tracks/2oiixB9QMIzhWaHGVlQx4g,https://api.spotify.com/v1/audio-analysis/2oiixB9QMIzhWaHGVlQx4g,216148,4,https://open.spotify.com/track/2oiixB9QMIzhWaHGVlQx4g
In Ha Mood,Ice Spice,spotify:track:0yUaLqhsVsguBpoOPL4cO7,0.768,0.74,0,-6.595,1,0.336,0.696,6.81e-06,0.23,0.532,141.059,audio_features,0yUaLqhsVsguBpoOPL4cO7,spotify:track:0yUaLqhsVsguBpoOPL4cO7,https://api.spotify.com/v1/tracks/0yUaLqhsVsguBpoOPL4cO7,https://api.spotify.com/v1/audio-analysis/0yUaLqhsVsguBpoOPL4cO7,129362,4,https://open.spotify.com/track/0yUaLqhsVsguBpoOPL4cO7
Trance,"Metro Boomin, Travis Scott & Young Thug",spotify:track:5wG3HvLhF6Y5KTGlK0IW3J,0.571,0.549,1,-7.38,0,0.404,0.18,0.0,0.168,0.447,119.497,audio_features,5wG3HvLhF6Y5KTGlK0IW3J,spotify:track:5wG3HvLhF6Y5KTGlK0IW3J,https://api.spotify.com/v1/tracks/5wG3HvLhF6Y5KTGlK0IW3J,https://api.spotify.com/v1/audio-analysis/5wG3HvLhF6Y5KTGlK0IW3J,194787,4,https://open.spotify.com/track/5wG3HvLhF6Y5KTGlK0IW3J
ICU,Coco Jones,spotify:track:58cMDjQSUdWJUgFmHxRhjt,0.584,0.453,8,-6.682,1,0.0661,0.753,0.0,0.111,0.328,124.913,audio_features,58cMDjQSUdWJUgFmHxRhjt,spotify:track:58cMDjQSUdWJUgFmHxRhjt,https://api.spotify.com/v1/tracks/58cMDjQSUdWJUgFmHxRhjt,https://api.spotify.com/v1/audio-analysis/58cMDjQSUdWJUgFmHxRhjt,241624,3,https://open.spotify.com/track/58cMDjQSUdWJUgFmHxRhjt
El Gordo Trae El Mando,Chino Pacas,spotify:track:3kf0WdFOalKWBkCCLJo4mA,0.736,0.8,7,-5.38,0,0.0525,0.179,0.0,0.0498,0.961,140.253,audio_features,3kf0WdFOalKWBkCCLJo4mA,spotify:track:3kf0WdFOalKWBkCCLJo4mA,https://api.spotify.com/v1/tracks/3kf0WdFOalKWBkCCLJo4mA,https://api.spotify.com/v1/audio-analysis/3kf0WdFOalKWBkCCLJo4mA,112087,3,https://open.spotify.com/track/3kf0WdFOalKWBkCCLJo4mA
All Of The Girls You Loved Before,Taylor Swift,spotify:track:4P9Q0GojKVXpRTJCaL3kyy,0.718,0.467,2,-9.66,1,0.0398,0.707,6.92e-05,0.126,0.396,95.96,audio_features,4P9Q0GojKVXpRTJCaL3kyy,spotify:track:4P9Q0GojKVXpRTJCaL3kyy,https://api.spotify.com/v1/tracks/4P9Q0GojKVXpRTJCaL3kyy,https://api.spotify.com/v1/audio-analysis/4P9Q0GojKVXpRTJCaL3kyy,221407,3,https://open.spotify.com/track/4P9Q0GojKVXpRTJCaL3kyy
Gold,Dierks Bentley,spotify:track:4iy69rTUn8cAY8Q8q9vfOw,0.674,0.873,1,-4.256,1,0.0285,0.0482,0.0,0.18,0.946,115.01,audio_features,4iy69rTUn8cAY8Q8q9vfOw,spotify:track:4iy69rTUn8cAY8Q8q9vfOw,https://api.spotify.com/v1/tracks/4iy69rTUn8cAY8Q8q9vfOw,https://api.spotify.com/v1/audio-analysis/4iy69rTUn8cAY8Q8q9vfOw,167760,4,https://open.spotify.com/track/4iy69rTUn8cAY8Q8q9vfOw
Dogtooth,"Tyler, The Creator",spotify:track:3jHdKaLCkuNEkWcLVmQPCX,0.596,0.575,11,-8.325,0,0.0514,0.0861,0.000153,0.334,0.34,98.265,audio_features,3jHdKaLCkuNEkWcLVmQPCX,spotify:track:3jHdKaLCkuNEkWcLVmQPCX,https://api.spotify.com/v1/tracks/3jHdKaLCkuNEkWcLVmQPCX,https://api.spotify.com/v1/audio-analysis/3jHdKaLCkuNEkWcLVmQPCX,127921,3,https://open.spotify.com/track/3jHdKaLCkuNEkWcLVmQPCX
Painting Pictures,Superstar Pride,spotify:track:7oLKoGzQVwjZ91AzCn560T,0.956,0.515,11,-9.962,0,0.337,0.305,0.0,0.156,0.69,119.937,audio_features,7oLKoGzQVwjZ91AzCn560T,spotify:track:7oLKoGzQVwjZ91AzCn560T,https://api.spotify.com/v1/tracks/7oLKoGzQVwjZ91AzCn560T,https://api.spotify.com/v1/audio-analysis/7oLKoGzQVwjZ91AzCn560T,122070,4,https://open.spotify.com/track/7oLKoGzQVwjZ91AzCn560T
Ceilings,Lizzy McAlpine,spotify:track:2L9N0zZnd37dwF0clgxMGI,0.516,0.322,9,-11.762,1,0.0292,0.473,0.00194,0.215,0.261,148.005,audio_features,2L9N0zZnd37dwF0clgxMGI,spotify:track:2L9N0zZnd37dwF0clgxMGI,https://api.spotify.com/v1/tracks/2L9N0zZnd37dwF0clgxMGI,https://api.spotify.com/v1/audio-analysis/2L9N0zZnd37dwF0clgxMGI,182888,3,https://open.spotify.com/track/2L9N0zZnd37dwF0clgxMGI
Human,Cody Johnson,spotify:track:5AihIu9yF3flkw1jFMyfwW,0.4,0.647,2,-7.279,1,0.0337,0.176,5.79e-05,0.11,0.274,84.08,audio_features,5AihIu9yF3flkw1jFMyfwW,spotify:track:5AihIu9yF3flkw1jFMyfwW,https://api.spotify.com/v1/tracks/5AihIu9yF3flkw1jFMyfwW,https://api.spotify.com/v1/audio-analysis/5AihIu9yF3flkw1jFMyfwW,221520,4,https://open.spotify.com/track/5AihIu9yF3flkw1jFMyfwW
Que Vuelvas,Carin Leon X Grupo Frontera,spotify:track:6Um358vY92UBv5DloTRX9L,0.491,0.643,10,-4.309,1,0.0442,0.187,0.0,0.109,0.779,162.469,audio_features,6Um358vY92UBv5DloTRX9L,spotify:track:6Um358vY92UBv5DloTRX9L,https://api.spotify.com/v1/tracks/6Um358vY92UBv5DloTRX9L,https://api.spotify.com/v1/audio-analysis/6Um358vY92UBv5DloTRX9L,169419,4,https://open.spotify.com/track/6Um358vY92UBv5DloTRX9L
Strike (Holster),Lil Yachty,spotify:track:7iTTWHbr4tAlsRJN4m4bay,0.851,0.642,1,-5.281,1,0.216,0.0658,0.0,0.0713,0.701,143.091,audio_features,7iTTWHbr4tAlsRJN4m4bay,spotify:track:7iTTWHbr4tAlsRJN4m4bay,https://api.spotify.com/v1/tracks/7iTTWHbr4tAlsRJN4m4bay,https://api.spotify.com/v1/audio-analysis/7iTTWHbr4tAlsRJN4m4bay,148115,4,https://open.spotify.com/track/7iTTWHbr4tAlsRJN4m4bay
Sunrise,Morgan Wallen,spotify:track:6mk2HJPhZUQlL5uVYLULcZ,0.614,0.746,5,-5.102,1,0.0312,0.268,1.62e-06,0.0864,0.357,140.011,audio_features,6mk2HJPhZUQlL5uVYLULcZ,spotify:track:6mk2HJPhZUQlL5uVYLULcZ,https://api.spotify.com/v1/tracks/6mk2HJPhZUQlL5uVYLULcZ,https://api.spotify.com/v1/audio-analysis/6mk2HJPhZUQlL5uVYLULcZ,182522,4,https://open.spotify.com/track/6mk2HJPhZUQlL5uVYLULcZ
Like Crazy,Jimin,spotify:track:3Ua0m0YmEjrMi9XErKcNiR,0.629,0.733,7,-5.445,1,0.0419,0.0025,0.0,0.357,0.362,120.001,audio_features,3Ua0m0YmEjrMi9XErKcNiR,spotify:track:3Ua0m0YmEjrMi9XErKcNiR,https://api.spotify.com/v1/tracks/3Ua0m0YmEjrMi9XErKcNiR,https://api.spotify.com/v1/audio-analysis/3Ua0m0YmEjrMi9XErKcNiR,212241,4,https://open.spotify.com/track/3Ua0m0YmEjrMi9XErKcNiR
Dawns,Zach Bryan Featuring Maggie Rogers,spotify:track:42TtHTxWk782ZBiqyOi2d1,0.447,0.441,0,-7.658,1,0.0456,0.874,4.36e-05,0.188,0.286,122.811,audio_features,42TtHTxWk782ZBiqyOi2d1,spotify:track:42TtHTxWk782ZBiqyOi2d1,https://api.spotify.com/v1/tracks/42TtHTxWk782ZBiqyOi2d1,https://api.spotify.com/v1/audio-analysis/42TtHTxWk782ZBiqyOi2d1,290892,4,https://open.spotify.com/track/42TtHTxWk782ZBiqyOi2d1
Happy,NF,spotify:track:3ZEno9fORwMA1HPecdLi0R,0.732,0.855,7,-4.064,1,0.0415,0.306,0.0,0.12,0.221,106.004,audio_features,3ZEno9fORwMA1HPecdLi0R,spotify:track:3ZEno9fORwMA1HPecdLi0R,https://api.spotify.com/v1/tracks/3ZEno9fORwMA1HPecdLi0R,https://api.spotify.com/v1/audio-analysis/3ZEno9fORwMA1HPecdLi0R,242691,4,https://open.spotify.com/track/3ZEno9fORwMA1HPecdLi0R
Chanel,Becky G & Peso Pluma,spotify:track:2VzCjpKvPB1l1tqLndtAQa,0.807,0.595,0,-7.19,1,0.0325,0.31,2.44e-05,0.0735,0.392,92.491,audio_features,2VzCjpKvPB1l1tqLndtAQa,spotify:track:2VzCjpKvPB1l1tqLndtAQa,https://api.spotify.com/v1/tracks/2VzCjpKvPB1l1tqLndtAQa,https://api.spotify.com/v1/audio-analysis/2VzCjpKvPB1l1tqLndtAQa,239845,4,https://open.spotify.com/track/2VzCjpKvPB1l1tqLndtAQa
Forever,Lil Baby Featuring Fridayy,spotify:track:1T4k0sw0HldDg004Kw4Oct,0.462,0.251,4,-12.072,0,0.159,0.414,0.0,0.201,0.137,89.705,audio_features,1T4k0sw0HldDg004Kw4Oct,spotify:track:1T4k0sw0HldDg004Kw4Oct,https://api.spotify.com/v1/tracks/1T4k0sw0HldDg004Kw4Oct,https://api.spotify.com/v1/audio-analysis/1T4k0sw0HldDg004Kw4Oct,167977,3,https://open.spotify.com/track/1T4k0sw0HldDg004Kw4Oct
Igualito A Mi Apa,Fuerza Regida & Peso Pluma,spotify:track:17js0w8GTkTUFGFM6PYvBd,0.758,0.812,4,-3.272,0,0.0854,0.188,0.0,0.0564,0.795,144.908,audio_features,17js0w8GTkTUFGFM6PYvBd,spotify:track:17js0w8GTkTUFGFM6PYvBd,https://api.spotify.com/v1/tracks/17js0w8GTkTUFGFM6PYvBd,https://api.spotify.com/v1/audio-analysis/17js0w8GTkTUFGFM6PYvBd,166821,4,https://open.spotify.com/track/17js0w8GTkTUFGFM6PYvBd
Special,Lizzo Featuring SZA,spotify:track:0rc1HCVoReqzzXF9jssqZk,0.464,0.724,7,-5.019,1,0.0705,0.0188,0.0,0.679,0.303,82.526,audio_features,0rc1HCVoReqzzXF9jssqZk,spotify:track:0rc1HCVoReqzzXF9jssqZk,https://api.spotify.com/v1/tracks/0rc1HCVoReqzzXF9jssqZk,https://api.spotify.com/v1/audio-analysis/0rc1HCVoReqzzXF9jssqZk,174749,4,https://open.spotify.com/track/0rc1HCVoReqzzXF9jssqZk
5 Leaf Clover,Luke Combs,spotify:track:52ChYmfu792MW2Ezv0whpk,0.423,0.58,1,-4.959,1,0.0243,0.0554,2.92e-06,0.168,0.336,82.755,audio_features,52ChYmfu792MW2Ezv0whpk,spotify:track:52ChYmfu792MW2Ezv0whpk,https://api.spotify.com/v1/tracks/52ChYmfu792MW2Ezv0whpk,https://api.spotify.com/v1/audio-analysis/52ChYmfu792MW2Ezv0whpk,211053,3,https://open.spotify.com/track/52ChYmfu792MW2Ezv0whpk
"Bzrp Music Sessions, Vol. 53",Bizarrap & Shakira,spotify:track:4nrPB8O7Y7wsOCJdgXkthe,0.778,0.632,2,-5.6,0,0.0493,0.274,0.0,0.0915,0.498,122.104,audio_features,4nrPB8O7Y7wsOCJdgXkthe,spotify:track:4nrPB8O7Y7wsOCJdgXkthe,https://api.spotify.com/v1/tracks/4nrPB8O7Y7wsOCJdgXkthe,https://api.spotify.com/v1/audio-analysis/4nrPB8O7Y7wsOCJdgXkthe,218289,4,https://open.spotify.com/track/4nrPB8O7Y7wsOCJdgXkthe
Heaven,Niall Horan,spotify:track:0DXmK0QaBycr8MpM52Kaeo,0.666,0.463,5,-5.574,1,0.0285,0.575,0.0,0.122,0.465,88.481,audio_features,0DXmK0QaBycr8MpM52Kaeo,spotify:track:0DXmK0QaBycr8MpM52Kaeo,https://api.spotify.com/v1/tracks/0DXmK0QaBycr8MpM52Kaeo,https://api.spotify.com/v1/audio-analysis/0DXmK0QaBycr8MpM52Kaeo,183644,4,https://open.spotify.com/track/0DXmK0QaBycr8MpM52Kaeo
Don't Play With It,Lola Brooke X Latto X Yung Miami Or Featuring Billy B,spotify:track:7rl489EKnUgITmkBd6P9zi,0.776,0.688,1,-5.75,1,0.127,0.00645,0.0,0.0757,0.43,99.122,audio_features,7rl489EKnUgITmkBd6P9zi,spotify:track:7rl489EKnUgITmkBd6P9zi,https://api.spotify.com/v1/tracks/7rl489EKnUgITmkBd6P9zi,https://api.spotify.com/v1/audio-analysis/7rl489EKnUgITmkBd6P9zi,179533,4,https://open.spotify.com/track/7rl489EKnUgITmkBd6P9zi
Memory Lane,Old Dominion,spotify:track:5kB6WithhB8Iv08EMNmAbt,0.645,0.8,6,-4.272,1,0.0363,0.0189,1.12e-05,0.0858,0.375,118.977,audio_features,5kB6WithhB8Iv08EMNmAbt,spotify:track:5kB6WithhB8Iv08EMNmAbt,https://api.spotify.com/v1/tracks/5kB6WithhB8Iv08EMNmAbt,https://api.spotify.com/v1/audio-analysis/5kB6WithhB8Iv08EMNmAbt,172480,4,https://open.spotify.com/track/5kB6WithhB8Iv08EMNmAbt
Love Again,The Kid LAROI,spotify:track:4sx6NRwL6Ol3V6m9exwGlQ,0.662,0.398,11,-6.691,0,0.0275,0.716,0.0,0.111,0.468,107.001,audio_features,4sx6NRwL6Ol3V6m9exwGlQ,spotify:track:4sx6NRwL6Ol3V6m9exwGlQ,https://api.spotify.com/v1/tracks/4sx6NRwL6Ol3V6m9exwGlQ,https://api.spotify.com/v1/audio-analysis/4sx6NRwL6Ol3V6m9exwGlQ,145850,4,https://open.spotify.com/track/4sx6NRwL6Ol3V6m9exwGlQ
'98 Braves,Morgan Wallen,spotify:track:5hBfhQrgxSehQUqU7jX13q,0.486,0.677,2,-5.805,1,0.0264,0.0817,0.00011,0.249,0.502,142.102,audio_features,5hBfhQrgxSehQUqU7jX13q,spotify:track:5hBfhQrgxSehQUqU7jX13q,https://api.spotify.com/v1/tracks/5hBfhQrgxSehQUqU7jX13q,https://api.spotify.com/v1/audio-analysis/5hBfhQrgxSehQUqU7jX13q,178704,4,https://open.spotify.com/track/5hBfhQrgxSehQUqU7jX13q
Di Que Si,Grupo Marca Registrada X Grupo Frontera,spotify:track:0kzN7YAMSbmlHOvxlbQW9y,0.57,0.589,9,-5.378,1,0.0488,0.0753,0.0,0.0582,0.796,182.318,audio_features,0kzN7YAMSbmlHOvxlbQW9y,spotify:track:0kzN7YAMSbmlHOvxlbQW9y,https://api.spotify.com/v1/tracks/0kzN7YAMSbmlHOvxlbQW9y,https://api.spotify.com/v1/audio-analysis/0kzN7YAMSbmlHOvxlbQW9y,190554,4,https://open.spotify.com/track/0kzN7YAMSbmlHOvxlbQW9y
It Matters To Her,Scotty McCreery,spotify:track:4aSRUXfKuBbmje0eXNukuL,0.516,0.752,7,-5.09,1,0.0333,0.00528,3.78e-05,0.251,0.482,105.007,audio_features,4aSRUXfKuBbmje0eXNukuL,spotify:track:4aSRUXfKuBbmje0eXNukuL,https://api.spotify.com/v1/tracks/4aSRUXfKuBbmje0eXNukuL,https://api.spotify.com/v1/audio-analysis/4aSRUXfKuBbmje0eXNukuL,171880,4,https://open.spotify.com/track/4aSRUXfKuBbmje0eXNukuL
